<?xml version="1.0" encoding="UTF-8"?>
<rss version="2.0" xmlns:ror="http://rorweb.com/0.1/" >
<channel>
  <title>ROR Sitemap for http://www.cutmaster.com.br/</title>
  <link>http://www.cutmaster.com.br/</link>

<item>
     <link>http://www.cutmaster.com.br/</link>
     <title>Assistência técnica, Técnico especializado em Notebook Acer, Asus, Compaq, Dell, Hp, Lenovo, Lg, Macbook, Sony, Samsung, Toshiba, Conserto Notebook Dell, Apple, Macbooks</title>
     <description>CUTMASTER</description>
     <ror:updatePeriod></ror:updatePeriod>
     <ror:sortOrder>0</ror:sortOrder>
     <ror:resourceOf>sitemap</ror:resourceOf>
</item>
<item>
     <link>http://www.cutmaster.com.br/index.html</link>
     <title>Assistência técnica, Técnico especializado em Notebook Acer, Asus, Compaq, Dell, Hp, Lenovo, Lg, Macbook, Sony, Samsung, Toshiba, Conserto Notebook Dell, Apple, Macbooks</title>
     <description>CUTMASTER</description>
     <ror:updatePeriod></ror:updatePeriod>
     <ror:sortOrder>1</ror:sortOrder>
     <ror:resourceOf>sitemap</ror:resourceOf>
</item>
<item>
     <link>http://www.cutmaster.com.br/sobre.html</link>
     <title>Assistência técnica, Técnico especializado em Notebook Acer, Asus, Compaq, Dell, Hp, Lenovo, Lg, Macbook, Sony, Samsung, Toshiba, Conserto Notebook Dell, Apple, Macbooks</title>
     <description>CUTMASTER</description>
     <ror:updatePeriod></ror:updatePeriod>
     <ror:sortOrder>1</ror:sortOrder>
     <ror:resourceOf>sitemap</ror:resourceOf>
</item>
<item>
     <link>http://www.cutmaster.com.br/contato.html</link>
     <title>Assistência técnica, Técnico especializado em Notebook Acer, Asus, Compaq, Dell, Hp, Lenovo, Lg, Macbook, Sony, Samsung, Toshiba, Conserto Notebook Dell, Apple, Macbooks</title>
     <description>CUTMASTER</description>
     <ror:updatePeriod></ror:updatePeriod>
     <ror:sortOrder>1</ror:sortOrder>
     <ror:resourceOf>sitemap</ror:resourceOf>
</item>
<item>
     <link>http://www.cutmaster.com.br/acao.html</link>
     <title>Assistência técnica, Técnico especializado em Notebook Acer, Asus, Compaq, Dell, Hp, Lenovo, Lg, Macbook, Sony, Samsung, Toshiba, Conserto Notebook Dell, Apple, Macbooks</title>
     <description>CUTMASTER</description>
     <ror:updatePeriod></ror:updatePeriod>
     <ror:sortOrder>1</ror:sortOrder>
     <ror:resourceOf>sitemap</ror:resourceOf>
</item>
<item>
     <link>http://www.cutmaster.com.br/curiosidades.html</link>
     <title>Assistência técnica, Técnico especializado em Notebook Acer, Asus, Compaq, Dell, Hp, Lenovo, Lg, Macbook, Sony, Samsung, Toshiba, Conserto Notebook Dell, Apple, Macbooks</title>
     <description>CUTMASTER</description>
     <ror:updatePeriod></ror:updatePeriod>
     <ror:sortOrder>1</ror:sortOrder>
     <ror:resourceOf>sitemap</ror:resourceOf>
</item>
<item>
     <link>http://www.cutmaster.com.br/mapadosite.html</link>
     <title>Assistência técnica, Técnico especializado em Notebook Acer, Asus, Compaq, Dell, Hp, Lenovo, Lg, Macbook, Sony, Samsung, Toshiba, Conserto Notebook Dell, Apple, Macbooks</title>
     <description>CUTMASTER</description>
     <ror:updatePeriod></ror:updatePeriod>
     <ror:sortOrder>1</ror:sortOrder>
     <ror:resourceOf>sitemap</ror:resourceOf>
</item>
<item>
     <link>http://www.cutmaster.com.br/assistenciatecnicanotebookapple.html</link>
     <title>Assistência técnica, Técnico especializado em Notebook Acer, Asus, Compaq, Dell, Hp, Lenovo, Lg, Macbook, Sony, Samsung, Toshiba, Conserto Notebook Dell, Apple, Macbooks</title>
     <description>CUTMASTER</description>
     <ror:updatePeriod></ror:updatePeriod>
     <ror:sortOrder>1</ror:sortOrder>
     <ror:resourceOf>sitemap</ror:resourceOf>
</item>
<item>
     <link>http://www.cutmaster.com.br/assistenciatecnicanotebookacer.html</link>
     <title>Assistência técnica, Técnico especializado em Notebook Acer, Asus, Compaq, Dell, Hp, Lenovo, Lg, Macbook, Sony, Samsung, Toshiba, Conserto Notebook Dell, Apple, Macbooks</title>
     <description>CUTMASTER</description>
     <ror:updatePeriod></ror:updatePeriod>
     <ror:sortOrder>1</ror:sortOrder>
     <ror:resourceOf>sitemap</ror:resourceOf>
</item>
<item>
     <link>http://www.cutmaster.com.br/assistenciatecnicanotebookasus.html</link>
     <title>Assistência técnica, Técnico especializado em Notebook Acer, Asus, Compaq, Dell, Hp, Lenovo, Lg, Macbook, Sony, Samsung, Toshiba, Conserto Notebook Dell, Apple, Macbooks</title>
     <description>CUTMASTER</description>
     <ror:updatePeriod></ror:updatePeriod>
     <ror:sortOrder>1</ror:sortOrder>
     <ror:resourceOf>sitemap</ror:resourceOf>
</item>
<item>
     <link>http://www.cutmaster.com.br/assistenciatecnicanotebookdell.html</link>
     <title>Assistência técnica, Técnico especializado em Notebook Acer, Asus, Compaq, Dell, Hp, Lenovo, Lg, Macbook, Sony, Samsung, Toshiba, Conserto Notebook Dell, Apple, Macbooks</title>
     <description>CUTMASTER</description>
     <ror:updatePeriod></ror:updatePeriod>
     <ror:sortOrder>1</ror:sortOrder>
     <ror:resourceOf>sitemap</ror:resourceOf>
</item>
<item>
     <link>http://www.cutmaster.com.br/assistenciatecnicanotebookhp.html</link>
     <title>Assistência técnica, Técnico especializado em Notebook Acer, Asus, Compaq, Dell, Hp, Lenovo, Lg, Macbook, Sony, Samsung, Toshiba, Conserto Notebook Dell, Apple, Macbooks</title>
     <description>CUTMASTER</description>
     <ror:updatePeriod></ror:updatePeriod>
     <ror:sortOrder>1</ror:sortOrder>
     <ror:resourceOf>sitemap</ror:resourceOf>
</item>
<item>
     <link>http://www.cutmaster.com.br/assistenciatecnicanotebooklg.html</link>
     <title>Assistência técnica, Técnico especializado em Notebook Acer, Asus, Compaq, Dell, Hp, Lenovo, Lg, Macbook, Sony, Samsung, Toshiba, Conserto Notebook Dell, Apple, Macbooks</title>
     <description>CUTMASTER</description>
     <ror:updatePeriod></ror:updatePeriod>
     <ror:sortOrder>1</ror:sortOrder>
     <ror:resourceOf>sitemap</ror:resourceOf>
</item>
<item>
     <link>http://www.cutmaster.com.br/assistenciatecnicanotebooklenovo.html</link>
     <title>Assistência técnica, Técnico especializado em Notebook Acer, Asus, Compaq, Dell, Hp, Lenovo, Lg, Macbook, Sony, Samsung, Toshiba, Conserto Notebook Dell, Apple, Macbooks</title>
     <description>CUTMASTER</description>
     <ror:updatePeriod></ror:updatePeriod>
     <ror:sortOrder>1</ror:sortOrder>
     <ror:resourceOf>sitemap</ror:resourceOf>
</item>
<item>
     <link>http://www.cutmaster.com.br/assistenciatecnicanotebooksamsung.html</link>
     <title>Assistência técnica, Técnico especializado em Notebook Acer, Asus, Compaq, Dell, Hp, Lenovo, Lg, Macbook, Sony, Samsung, Toshiba, Conserto Notebook Dell, Apple, Macbooks</title>
     <description>CUTMASTER</description>
     <ror:updatePeriod></ror:updatePeriod>
     <ror:sortOrder>1</ror:sortOrder>
     <ror:resourceOf>sitemap</ror:resourceOf>
</item>
<item>
     <link>http://www.cutmaster.com.br/assistenciatecnicanotebooksony.html</link>
     <title>Assistência técnica, Técnico especializado em Notebook Acer, Asus, Compaq, Dell, Hp, Lenovo, Lg, Macbook, Sony, Samsung, Toshiba, Conserto Notebook Dell, Apple, Macbooks</title>
     <description>CUTMASTER</description>
     <ror:updatePeriod></ror:updatePeriod>
     <ror:sortOrder>1</ror:sortOrder>
     <ror:resourceOf>sitemap</ror:resourceOf>
</item>
<item>
     <link>http://www.cutmaster.com.br/assistenciatecnicanotebooktoshiba.html</link>
     <title>Assistência técnica, Técnico especializado em Notebook Acer, Asus, Compaq, Dell, Hp, Lenovo, Lg, Macbook, Sony, Samsung, Toshiba, Conserto Notebook Dell, Apple, Macbooks</title>
     <description>CUTMASTER</description>
     <ror:updatePeriod></ror:updatePeriod>
     <ror:sortOrder>1</ror:sortOrder>
     <ror:resourceOf>sitemap</ror:resourceOf>
</item>
<item>
     <link>http://www.cutmaster.com.br/assistenciatecnicanotebooktravandovirusmalware.html</link>
     <title>Assistência técnica, Técnico especializado em Notebook Acer, Asus, Compaq, Dell, Hp, Lenovo, Lg, Macbook, Sony, Samsung, Toshiba, Conserto Notebook Dell, Apple, Macbooks</title>
     <description>CUTMASTER</description>
     <ror:updatePeriod></ror:updatePeriod>
     <ror:sortOrder>1</ror:sortOrder>
     <ror:resourceOf>sitemap</ror:resourceOf>
</item>
<item>
     <link>http://www.cutmaster.com.br/assistenciatecnicanotebooklimpezainterna.html</link>
     <title>Assistência técnica, Técnico especializado em Notebook Acer, Asus, Compaq, Dell, Hp, Lenovo, Lg, Macbook, Sony, Samsung, Toshiba, Conserto Notebook Dell, Apple, Macbooks</title>
     <description>CUTMASTER</description>
     <ror:updatePeriod></ror:updatePeriod>
     <ror:sortOrder>1</ror:sortOrder>
     <ror:resourceOf>sitemap</ror:resourceOf>
</item>
<item>
     <link>http://www.cutmaster.com.br/assistenciatecnicanotebookpositivo.html</link>
     <title>Assistência técnica, Técnico especializado em Notebook Acer, Asus, Compaq, Dell, Hp, Lenovo, Lg, Macbook, Sony, Samsung, Toshiba, Conserto Notebook Dell, Apple, Macbooks</title>
     <description>CUTMASTER</description>
     <ror:updatePeriod></ror:updatePeriod>
     <ror:sortOrder>2</ror:sortOrder>
     <ror:resourceOf>sitemap</ror:resourceOf>
</item>
</channel>
</rss>
  